{"ethereum_price_change": {"value": -0.0999573531920395, "timestamp": 1744937199.1642096}, "cardano_price_change": {"value": 0.8521611237758844, "timestamp": 1744937139.1137195}, "ripple_price_change": {"value": -1.0130851263339296, "timestamp": 1744937136.3354776}, "bitcoin_price_change": {"value": 0.9122972721463767, "timestamp": 1744937013.6603556}, "binancecoin_price_change": {"value": 1.011983546300697, "timestamp": 1744937139.1272354}, "solana_price_change": {"value": 2.328507373807307, "timestamp": 1744940929.2384398}, "cosmos_price_change": {"value": 2.094307321967871, "timestamp": 1744941158.1416426}, "matic-network_price_change": {"value": 2.0073510255239246, "timestamp": 1744941338.1592786}, "algorand_price_change": {"value": 2.7148954632563074, "timestamp": 1744940683.7810538}, "near_price_change": {"value": 3.3572302109189995, "timestamp": 1744940744.4778602}, "arbitrum_price_change": {"value": 1.13536314282303, "timestamp": 1744940375.382311}, "optimism_price_change": {"value": 0.9140455737048797, "timestamp": 1744940435.997973}, "hedera-hashgraph_price_change": {"value": 4.381183869908602, "timestamp": 1744941398.3112807}, "fantom_price_change": {"value": 1.1805351632320649, "timestamp": 1744941158.1124432}, "starred_assets": [], "matic-network_news_sentiment": {"value": -0.4, "timestamp": 1744941337.8704004}, "fantom_news_sentiment": {"value": 0.4, "timestamp": 1744941337.949048}, "cosmos_news_sentiment": {"value": 0.0, "timestamp": 1744941337.8766367}, "hedera-hashgraph_news_sentiment": {"value": 0.4, "timestamp": 1744941398.028312}, "solana_news_sentiment": {"value": 0.4666666666666666, "timestamp": 1744941398.1536267}, "near_news_sentiment": {"value": 0.2, "timestamp": 1744941397.836349}, "algorand_news_sentiment": {"value": -0.2, "timestamp": 1744941458.3001733}, "arbitrum_news_sentiment": {"value": -0.2, "timestamp": 1744941458.7732782}, "optimism_news_sentiment": {"value": -0.2, "timestamp": 1744941458.815427}}